To Mend And Move On,103.211,0.0,0.0,-14.741,2009
Marilyn_ La Cenicienta Y Las Mujeres,121.03400000000001,0.0,0.0,-14.204000000000001,0
Sleeping God,95.293999999999997,0.0,0.0,-3.7349999999999999,0
Origineller werden,66.778000000000006,0.0,0.0,-16.675999999999998,1989
I Will Praise You,102.027,0.0,0.0,-13.436,0
I Want A Love I Can See,97.956999999999994,0.0,0.0,-6.7460000000000004,1963
I Will Know You,89.254000000000005,0.0,0.0,-8.0190000000000001,1996
Sing You To Sleep (LP Version),160.43799999999999,0.0,0.0,-6.9740000000000002,0
Baby boy,103.842,0.0,0.0,-9.9339999999999993,1985
Nothing Ever,99.152000000000001,0.0,0.0,-8.5090000000000003,1993
Ni La Carcel Ni La Muerte,94.962999999999994,0.0,0.0,-22.587,0
Fool For Love,85.018000000000001,0.0,0.0,-8.4990000000000006,2001
Matkalla kotiin,130.02199999999999,0.0,0.0,-10.763,1993
Vadisrce,127.855,0.0,0.0,-11.698,0
Summer's Gone,89.418000000000006,0.0,0.0,-12.217000000000001,1989
Skinz,173.934,0.0,0.0,-3.8660000000000001,0
Dimension X,193.75899999999999,0.0,0.0,-4.9969999999999999,2007
Bee Your Man (Album Version),122.28,0.0,0.0,-8.4779999999999998,2008
The News,139.00899999999999,0.0,0.0,-4.5140000000000002,2007
Lo demás me vale,86.122,0.0,0.0,-3.6400000000000001,2002
Hullabaloo,125.29900000000001,0.0,0.0,-5.8600000000000003,0
Fainted Blue Ornaments,93.581999999999994,0.0,0.0,-3.7240000000000002,2007
Nafeken,159.548,0.0,0.0,-11.452,0
Countdown At 6,95.033000000000001,0.0,0.0,-13.404,1966
Music (It Will Never Die),173.49700000000001,0.0,0.0,-12.071999999999999,0
Wounded (Solo Acoustic),87.513999999999996,0.0,0.0,-13.372,0
Are You Really Mine?,102.003,0.0,0.0,-16.202000000000002,0
She Loves Me,151.494,0.0,0.0,-10.641999999999999,2009
Mustang Burn,161.17500000000001,0.0,0.0,-11.01,0
Ode To The Rodes,91.682000000000002,0.0,0.0,-10.295,0
Don't Wanna Be Like That (Album Version),192.971,0.0,0.0,-4.8449999999999998,0
Gal A Laugh - Original,152.703,0.0,0.0,-11.977,0
Serranias,142.03899999999999,0.0,0.0,-12.422000000000001,0
My Funny Valentine (Live Version),39.917999999999999,0.0,0.0,-9.7460000000000004,2004
If I Wrote You,85.078000000000003,0.0,0.0,-16.440000000000001,1997
Vein,146.37899999999999,0.0,0.0,-6.3890000000000002,2003
Forever (Is As Long As It Lasts),118.902,0.0,0.0,-9.141,1997
No Hi Ha Demà,89.997,0.0,0.0,-7.431,2004
Stormin' And Rainin' (1995 Digital Remaster),78.233999999999995,0.0,0.0,-18.172999999999998,0
Etcetera,70.924999999999997,0.0,0.0,-16.036000000000001,1995
Ice,113.339,0.0,0.0,-7.8689999999999998,0
The Softest Hammer,128.06200000000001,0.0,0.0,-11.643000000000001,1989
Gimme That Sweet_ Sweet Lovin',211.86600000000001,0.0,0.0,-12.164999999999999,0
Cockroach Song,122.934,0.0,0.0,-11.858000000000001,1999
Trans Island Express,120.004,0.0,0.0,-7.9950000000000001,2005
Silver Dagger,123.78,0.0,0.0,-10.244999999999999,2006
My Name Is Lazarus,115.88200000000001,0.0,0.0,-5.524,0
Waitress,157.93799999999999,0.0,0.0,-7.3170000000000002,2005
Food Chain (Album Version),112.47499999999999,0.0,0.0,-5.851,2008
Can't Get Any Closer,105.003,0.0,0.0,-7.4589999999999996,0
Muuttumaan Et Mua Saa,157.661,0.0,0.0,-10.164,2008
Flying The Path,129.99199999999999,0.0,0.0,-5.1959999999999997,0
Buscándote,179.99700000000001,0.0,0.0,-6.8550000000000004,0
Van Den Budenmayer - Funeral music (full orchestra),50.524000000000001,0.0,0.0,-20.181999999999999,1993
When Day Is Done,89.126000000000005,0.0,0.0,-31.527999999999999,0
Förhoppning,117.304,0.0,0.0,-8.5860000000000003,1991
Dilated Junkies,191.708,0.0,0.0,-8.3439999999999994,2001
Agradeça Ao Pelô,185.327,0.0,0.0,-9.8320000000000007,0
Start To Fly (Main Album Version),89.048000000000002,0.0,0.0,-3.5150000000000001,2002
Mixed Up_ Shook Up Girl,114.48699999999999,0.0,0.0,-14.194000000000001,0
Deni,129.80199999999999,0.0,0.0,-12.673999999999999,1987
Look In Her Eyes,152.54599999999999,0.0,0.0,-10.288,1993
Soul Power,75.962999999999994,0.0,0.0,-5.859,2008
Filodiperle,84.346999999999994,0.0,0.0,-6.7300000000000004,0
Stolen Pills,152.798,0.0,0.0,-5.609,2009
La montagne des amoureux,167.06399999999999,0.0,0.0,-10.140000000000001,0
Accidents Can Happen (Explicit),150.11699999999999,0.0,0.0,-4.5750000000000002,0
Do,151.239,0.0,0.0,-5.5880000000000001,2009
Strings For Yasmin (Murk-a-tronik Mix),134.035,0.0,0.0,-8.8339999999999996,1997
Historias De Teramar II,72.064999999999998,0.0,0.0,-16.260999999999999,2005
"Out Come The Freaks (Classic 12"" Version)",124.93899999999999,0.0,0.0,-6.8959999999999999,2004
Silent Night,98.543999999999997,0.0,0.0,-7.9660000000000002,1984
Discreto errato,166.10300000000001,0.0,0.0,-5.3890000000000002,0
Eloge De La Folie,189.542,0.0,0.0,-11.27,0
Wandering Cirith Gorgor,187.28200000000001,0.0,0.0,-6.5839999999999996,0
Diamond In The Black,152.06,0.0,0.0,-4.8650000000000002,0
Head The Ball,120.105,0.0,0.0,-5.2039999999999997,1991
Pressure and Slide - Original,89.844999999999999,0.0,0.0,-15.460000000000001,0
Kalpeanaama,131.91900000000001,0.0,0.0,-8.4610000000000003,1986
Ohana,138.15799999999999,0.0,0.0,-6.3490000000000002,0
Calico Plains,95.019000000000005,0.0,0.0,-16.004999999999999,1994
I Understood,76.296000000000006,0.0,0.0,-18.550999999999998,0
Buck These Haggard Blues,123.97499999999999,0.0,0.0,-8.8450000000000006,0
Mr. Brightside,134.059,0.0,0.0,-4.1139999999999999,2006
Nimetön,114.73699999999999,0.0,0.0,-5.0730000000000004,1998
I Don't Mind My Journey,97.109999999999999,0.0,0.0,-16.138999999999999,0
There Was A Light,67.524000000000001,0.0,0.0,-13.507,1992
Code Of Honor,112.515,0.0,0.0,-4.2599999999999998,0
Get It On,86.986000000000004,0.0,0.0,-2.9700000000000002,2003
Catholic Taste,125.074,0.0,0.0,-6.6050000000000004,2007
Ed Deepneau,138.738,0.0,0.0,-12.151999999999999,0
White Noise (Kid Loco's Fire Engine Hip Society Remix),160.011,0.0,0.0,-10.164999999999999,2005
Brothers Of The Tomb,140.00399999999999,0.0,0.0,-5.5750000000000002,2006
Rap Game,95.716999999999999,0.0,0.0,-3.2959999999999998,2002
Mind Blowing Decisions,92.468000000000004,0.0,0.0,-13.356999999999999,1978
Will You Be There For Me,100.071,0.0,0.0,-8.8539999999999992,2005
Big Big Kid,90.293000000000006,0.0,0.0,-3.3460000000000001,2006
Misfit Out Of Time (Decomposure Remix),119.986,0.0,0.0,-13.656000000000001,0
Sexy Mama (Acapella),99.744,0.0,0.0,-13.109,0
Rabbit Habits,130.00999999999999,0.0,0.0,-11.653,2008
Natural is Jah Mystic,151.196,0.0,0.0,-8.4499999999999993,0
Unlucky Star,120.142,0.0,0.0,-6.0869999999999997,2004
Time,160.56100000000001,0.0,0.0,-6.4740000000000002,0
Say Yes,76.105999999999995,0.0,0.0,-20.047999999999998,0
Cant Pimp Me,200.71000000000001,0.0,0.0,-5.3689999999999998,0
Underground Investigation,0.0,0.0,0.0,-15.173999999999999,0
Main Theme from Twilight Zone (TV Series Version),125.16200000000001,0.0,0.0,-20.417000000000002,0
You're All I Need To Get By,97.051000000000002,0.0,0.0,-7.4100000000000001,0
Atmosphere Station,90.084000000000003,0.0,0.0,-38.524999999999999,1986
Yin Yang Blues,122.27500000000001,0.0,0.0,-9.0429999999999993,0
The New Machine,126.732,0.0,0.0,-12.57,2003
Birmingham,76.034999999999997,0.0,0.0,-8.9860000000000007,2009
Jumpin Jack Flash,223.85300000000001,0.0,0.0,-13.218,0
P Vine Blues,97.635999999999996,0.0,0.0,-10.814,0
Gotten (featuring Adam Levine),130.602,0.0,0.0,-8.827,0
In The Streets (feat. Rydah J. Klyde),173.24299999999999,0.0,0.0,-6.9009999999999998,0
Peaceful Easy Feeling (Album Version),142.846,0.0,0.0,-8.5739999999999998,1995
Doctor Of Hearts (Album Version),120.712,0.0,0.0,-7.0,0
Viel zu kalt,119.908,0.0,0.0,-8.6099999999999994,1994
Inevitability,113.181,0.0,0.0,-14.680999999999999,2004
Unenge Paneni - Original,153.142,0.0,0.0,-14.622999999999999,0
I Thought I Saw Your Face Today,160.959,0.0,0.0,-8.7270000000000003,2008
Tnn - The Hacker (Night Version),127.899,0.0,0.0,-15.814,0
Rio Funk,217.405,0.0,0.0,-13.148999999999999,1979
The stabbing hand (with kathy acker),94.846999999999994,0.0,0.0,-12.185,0
Silver Bells/Carol Of The Bells,103.005,0.0,0.0,-14.048,0
Memory Of Love ,65.031999999999996,0.0,0.0,-8.9939999999999998,0
Tiltrekning,88.992000000000004,0.0,0.0,-15.379,1993
Walkin',112.252,0.0,0.0,-11.800000000000001,1995
Another Year,81.140000000000001,0.0,0.0,-18.670999999999999,0
Long Lonesome Blues,100.32899999999999,0.0,0.0,-24.106000000000002,1926
Pineola,139.411,0.0,0.0,-6.7350000000000003,1992
Lessons Burned,97.501999999999995,0.0,0.0,-6.3170000000000002,0
Aan De Kust (Blof Doet Maar - Live),155.19900000000001,0.0,0.0,-8.9510000000000005,0
Hindsight 'Tween the Hind Legs,107.108,0.0,0.0,-9.4730000000000008,2003
All The Things,104.84,0.0,0.0,-19.257000000000001,2007
Crimewave,85.331999999999994,0.0,0.0,-4.3250000000000002,2008
Let's Get The Mood Right,89.921000000000006,0.0,0.0,-10.470000000000001,1996
Piano Concerto No. 2 in G minor Op. 16: Scherzo (Vivace),164.16,0.0,0.0,-24.038,0
These Things I'm Not,120.779,0.0,0.0,-15.159000000000001,0
It's In The Blood,116.333,0.0,0.0,-10.098000000000001,0
Voy Cantando,115.56399999999999,0.0,0.0,-4.2869999999999999,0
Tu Che Fai,71.742000000000004,0.0,0.0,-4.5860000000000003,2004
joy and fun,105.023,0.0,0.0,-6.226,0
From A Whisper To A Scream (Album Version),157.928,0.0,0.0,-14.592000000000001,0
Satan's Fall (Album Version),141.09700000000001,0.0,0.0,-6.2149999999999999,0
Minge Rumba Fiesta,167.804,0.0,0.0,-9.4659999999999993,0
Poor Boy (live),119.66800000000001,0.0,0.0,-6.7930000000000001,0
Hopkins (The Witchfinder General),137.114,0.0,0.0,-6.1230000000000002,1995
Peleia,82.712999999999994,0.0,0.0,-6.6079999999999997,0
Tin Pan Alley,183.49600000000001,0.0,0.0,-18.576000000000001,1961
Don't Stop,213.72999999999999,0.0,0.0,-13.635,1989
Music Response,128.00200000000001,0.0,0.0,-6.2720000000000002,0
"Szenen Aus Goethes Faust_ Part Three/V. ""Hier ist die Aussicht frei",90.561999999999998,0.0,0.0,-31.766999999999999,0
Kaksi,110.03700000000001,0.0,0.0,-5.7119999999999997,2007
I Still Remember,140.01300000000001,0.0,0.0,-3.875,2007
There's A Lull In My Life,73.028000000000006,0.0,0.0,-16.088000000000001,0
Pajaros En Cadaques Shot,159.78999999999999,0.0,0.0,-9.0060000000000002,0
Angel Dust III,90.009,0.0,0.0,-7.8339999999999996,2002
A Medias De La Noche,91.676000000000002,0.0,0.0,-8.093,2000
25 Reptile (YesWeAre Remix),125.97199999999999,0.0,0.0,-8.6210000000000004,0
Whatever I Do,212.30500000000001,0.0,0.0,-5.3390000000000004,0
5 6 3 (Joe),159.874,0.0,0.0,-9.3569999999999993,2000
Light-O'-Love,117.95,0.0,0.0,-11.896000000000001,2010
Michelle's Theme,94.069000000000003,0.0,0.0,-17.949000000000002,0
Save A Place For Me (Finis Tasby BMI),117.30800000000001,0.0,0.0,-9.0099999999999998,0
Ease,79.997,0.0,0.0,-8.8390000000000004,2000
Intox Populi,210.81100000000001,0.0,0.0,-6.1440000000000001,1996
Power To Chant,115.611,0.0,0.0,-7.9729999999999999,2002
Rollergirl (Trevor Loveys Mix),124.0,0.0,0.0,-9.8290000000000006,0
Om Jai Jagdish Hare,87.988,0.0,0.0,-9.1699999999999999,0
Gestern,124.017,0.0,0.0,-17.353999999999999,2007
Musical Freedom [K Klassic Club Remix],127.977,0.0,0.0,-6.6280000000000001,0
Blue Mondy (I Ain't Got Nobody) [Jul 1953],78.454999999999998,0.0,0.0,-12.734,0
For the Breakers,133.01300000000001,0.0,0.0,-11.57,0
Jigs And Reels,196.28100000000001,0.0,0.0,-9.8840000000000003,0
Pushin' A Good Thing Too Far (LP Version),112.06999999999999,0.0,0.0,-12.427,0
La Valigia Dell'Attore,96.137,0.0,0.0,-7.7720000000000002,0
Memories,132.99600000000001,0.0,0.0,-9.2959999999999994,0
His Hold On Life,134.357,0.0,0.0,-13.941000000000001,2000
Robots at the Factory,105.80500000000001,0.0,0.0,-26.465,0
Drama (Explicit),90.099999999999994,0.0,0.0,-11.083,1996
Small People,169.21000000000001,0.0,0.0,-10.731,0
Nightshift (Nikola & Groovenatics Remix),127.92100000000001,0.0,0.0,-5.9989999999999997,0
Adios Ayer (Original Mix),95.042000000000002,0.0,0.0,-11.544,2004
Run To Babylon,129.19200000000001,0.0,0.0,-7.8860000000000001,0
The One Rose,117.791,0.0,0.0,-25.332000000000001,0
I Can't Get Over You,117.898,0.0,0.0,-5.1769999999999996,0
Fine,108.643,0.0,0.0,-7.1219999999999999,0
Dulce y adictiva,135.05199999999999,0.0,0.0,-3.9470000000000001,0
Cabresteando,164.07900000000001,0.0,0.0,-10.369,0
When The Saints Go Marching In,114.02,0.0,0.0,-4.6580000000000004,1951
Ted's Waltz,134.34100000000001,0.0,0.0,-13.962999999999999,2002
Mamita Dulce,103.925,0.0,0.0,-9.1300000000000008,1994
Aisling,124.09699999999999,0.0,0.0,-7.0780000000000003,1995
Amores Ajenos,217.226,0.0,0.0,-7.6609999999999996,1996
Sing Boy Sing,101.324,0.0,0.0,-18.183,0
NYC Shanty,178.02099999999999,0.0,0.0,-10.130000000000001,0
Óculos De Grau,147.905,0.0,0.0,-9.8439999999999994,0
Trail By The Archon (Demo) (Remastered),145.72499999999999,0.0,0.0,-5.8330000000000002,0
Listen To Meh,110.001,0.0,0.0,-6.7969999999999997,0
Mainzer Strasse,151.17599999999999,0.0,0.0,-16.196000000000002,1992
Per Le Mie Mani,124.928,0.0,0.0,-6.2210000000000001,2004
Hard Up!,161.30799999999999,0.0,0.0,-4.407,0
We Gotta Talk,132.73099999999999,0.0,0.0,-3.7559999999999998,2001
Rise,63.009999999999998,0.0,0.0,-8.8900000000000006,2000
I'm Afraid The Masquerade Is Over,96.994,0.0,0.0,-9.1809999999999992,0
Dans Ta Vraie Vie,130.06800000000001,0.0,0.0,-7.0629999999999997,2007
Either,87.893000000000001,0.0,0.0,-6.0780000000000003,0
In the Name of the Wolf,149.79300000000001,0.0,0.0,-4.2220000000000004,2006
Anti-Hero (Album Version),198.65100000000001,0.0,0.0,-4.4269999999999996,2010
Theme From The Black Hole,110.574,0.0,0.0,-15.105,1979
(I Can't Get No) Satisfaction (Live in San Francisco 1978 / bonus track),138.52799999999999,0.0,0.0,-6.6029999999999998,2003
Kingston 12 Shuffle,149.959,0.0,0.0,-10.311999999999999,0
Bring It On,85.006,0.0,0.0,-3.641,2007
Silent Night,112.184,0.0,0.0,-16.413,0
Daktilika Apotipomata,92.281000000000006,0.0,0.0,-12.423,0
Changes V,76.950999999999993,0.0,0.0,-10.840999999999999,2007
Winter Song,77.378,0.0,0.0,-21.097999999999999,0
Take It Or Leave It ( LP Version ),110.432,0.0,0.0,-12.599,1975
Happiness (Dub),112.143,0.0,0.0,-12.782999999999999,1989
Da Bichez,90.052000000000007,0.0,0.0,-10.597,1994
Questions,115.833,0.0,0.0,-15.122999999999999,0
I Need Your Love,112.71599999999999,0.0,0.0,-10.289,1994
The Rescuer (World),84.997,0.0,0.0,-13.929,0
After Live Set,124.033,0.0,0.0,-10.459,0
End Of The Line,93.994,0.0,0.0,-3.8199999999999998,2006
Bang Bang,131.976,0.0,0.0,-11.528,2006
Ni Modo,204.19800000000001,0.0,0.0,-9.3079999999999998,0
Nova (THE DEMOS version),154.05099999999999,0.0,0.0,-7.2149999999999999,0
The Cave In Proper,151.928,0.0,0.0,-7.5999999999999996,2003
Cuando Te Podre Olvidar,128.35599999999999,0.0,0.0,-20.219999999999999,0
Entering (Album),184.59700000000001,0.0,0.0,-11.909000000000001,0
Sangre De Indio,97.534999999999997,0.0,0.0,-11.273,0
Chaos In Motion (DJ Spoke Remix),141.96799999999999,0.0,0.0,-12.282999999999999,2002
Buenos Dias Bitch,97.600999999999999,0.0,0.0,-5.5099999999999998,0
Freaky_ Freaky,147.839,0.0,0.0,-17.934000000000001,0
Memory Of Your Shores,117.417,0.0,0.0,-7.8570000000000002,1998
The Soul Sax Track,124.967,0.0,0.0,-8.9239999999999995,0
Killer Queen (2009 Digital Remaster),120.693,0.0,0.0,-6.2690000000000001,0
Sequined Mermaid Dress,97.694000000000003,0.0,0.0,-11.167999999999999,0
Return of the Beast,115.262,0.0,0.0,-7.8040000000000003,0
Kodak Moment,110.17100000000001,0.0,0.0,-7.4349999999999996,0
Willow Weep For Me,86.129000000000005,0.0,0.0,-12.068,0
I Wonder What Happened to Him,80.123000000000005,0.0,0.0,-26.155000000000001,0
The Wizard,114.91,0.0,0.0,-6.9459999999999997,2004
Fly To The Rainbow,136.494,0.0,0.0,-8.3849999999999998,1974
Everything Under The Sun,199.72900000000001,0.0,0.0,-13.077999999999999,2004
Sharing Bacteria remix - 144 Bpm (8:06),96.040000000000006,0.0,0.0,-7.359,0
Living Proof  (Album Version),129.304,0.0,0.0,-3.9580000000000002,0
Static,179.953,0.0,0.0,-3.004,2007
Formula Of Fear,124.66200000000001,0.0,0.0,-9.6370000000000005,0
summer is here,84.876000000000005,0.0,0.0,-5.1829999999999998,2005
She Dreams (LP Version),103.38800000000001,0.0,0.0,-11.464,1992
Dub To The Rescue,133.60599999999999,0.0,0.0,-11.484,0
Unmodern,149.92099999999999,0.0,0.0,-7.8150000000000004,0
Soul D.C.,109.771,0.0,0.0,-7.7359999999999998,2000
Lights_ Camera_ Action!,210.97,0.0,0.0,-7.1349999999999998,0
Pure,90.966999999999999,0.0,0.0,-3.7959999999999998,2005
The Lonely Vampire,124.041,0.0,0.0,-11.218,0
The Black Winged Horde,225.285,0.0,0.0,-2.8959999999999999,1998
Tills Dagen Gryr,109.941,0.0,0.0,-6.9240000000000004,1998
Family Man (LP Version),116.602,0.0,0.0,-11.364000000000001,1988
For the Sky,178.24299999999999,0.0,0.0,-5.6970000000000001,0
Da la claridad a nuestro sol,129.83600000000001,0.0,0.0,-4.282,0
Killin' Machine,152.0,0.0,0.0,-5.6539999999999999,0
English Cities,174.06,0.0,0.0,-2.5270000000000001,2009
Stand Strong,171.191,0.0,0.0,-3.992,0
Going To Move To Alabama,146.078,0.0,0.0,-13.287000000000001,0
Learn A Trade,186.37799999999999,0.0,0.0,-12.73,0
Coming Back To You,101.252,0.0,0.0,-9.1590000000000007,0
Opus 30,87.031999999999996,0.0,0.0,-24.762,2006
La Plata,111.886,0.0,0.0,-12.750999999999999,2008
Silver Bullet,135.81700000000001,0.0,0.0,-6.4779999999999998,1977
Boulez : Pli selon pli : IV Improvisation No.3 sur Mallarmé,52.741,0.0,0.0,-20.602,0
West Qalbe,103.32299999999999,0.0,0.0,-8.7300000000000004,0
What The World Needs Now,111.467,0.0,0.0,-5.7969999999999997,0
Be My Lover,134.79300000000001,0.0,0.0,-5.5289999999999999,1995
One By One,203.50999999999999,0.0,0.0,-5.6180000000000003,2007
Country Bumpkin,213.53899999999999,0.0,0.0,-6.899,2007
Santa Monica,124.047,0.0,0.0,-8.2520000000000007,1996
Baja por diversion (directo 05),173.90000000000001,0.0,0.0,-4.29,0
Exposure,135.054,0.0,0.0,-7.9539999999999997,2009
Child Waters (Child 63),43.970999999999997,0.0,0.0,-22.312999999999999,0
Recuerdame Bonito,192.709,0.0,0.0,-7.2140000000000004,0
The Truth,211.892,0.0,0.0,-5.3730000000000002,2006
Toda La Noche En La Calle,134.143,0.0,0.0,-4.71,2002
No Room In The Hotel,122.881,0.0,0.0,-15.263999999999999,0
Seven Bridges,138.66200000000001,0.0,0.0,-9.5069999999999997,0
Je Suis Mon Coeur,39.292999999999999,0.0,0.0,-13.544,0
I'll Meet You Halfway,111.446,0.0,0.0,-10.234999999999999,1989
New Jazz Lick,142.42500000000001,0.0,0.0,-5.3099999999999996,0
No More,93.016999999999996,0.0,0.0,-7.4119999999999999,0
Herttua puhuu,191.95400000000001,0.0,0.0,-8.4600000000000009,1982
Suite for clarinet and piano: III Spiritoso,162.185,0.0,0.0,-22.216000000000001,0
Rüssel An Schwanz,124.01000000000001,0.0,0.0,-4.7969999999999997,2003
Diamond Joe,130.67599999999999,0.0,0.0,-20.048999999999999,2008
Le chemin le plus court,118.807,0.0,0.0,-11.089,0
Ai'nt It Nice,89.628,0.0,0.0,-12.773,0
Beesting,135.12799999999999,0.0,0.0,-9.8350000000000009,0
The One You Love,111.461,0.0,0.0,-19.704000000000001,2000
I Was A Punk Before You Were A Punk (Single Version),191.11199999999999,0.0,0.0,-4.4480000000000004,0
Doors,139.12200000000001,0.0,0.0,-16.300000000000001,0
Daily Bread,177.029,0.0,0.0,-5.9130000000000003,2000
Walking Disaster,97.498000000000005,0.0,0.0,-7.1230000000000002,0
2009 (Album Version),177.89400000000001,0.0,0.0,-3.2810000000000001,2009
Les Matins De Paris (Feat. Lio),116.977,0.0,0.0,-10.44,0
Caravan,166.92400000000001,0.0,0.0,-13.086,0
Samoa,179.852,0.0,0.0,-8.6509999999999998,0
Intro - Andamos De Caseria,93.924000000000007,0.0,0.0,-5.5270000000000001,0
Public Beat,186.66999999999999,0.0,0.0,-9.6690000000000005,0
Keep It In The Family,129.01900000000001,0.0,0.0,-18.067,0
Choose Life,135.00700000000001,0.0,0.0,-7.5019999999999998,2000
Talking 'Bout Me,189.953,0.0,0.0,-9.9890000000000008,2000
Punkrocker,140.03299999999999,0.0,0.0,-5.7460000000000004,0
Ao Alcance,111.34399999999999,0.0,0.0,-8.7769999999999992,0
Lamentations à 5: Lectio Secunda,95.747,0.0,0.0,-14.564,0
Beautiful Reason,103.501,0.0,0.0,-7.0540000000000003,2008
The Wedding Suite: Taking The Flower Arrangements Home After The Wedding,106.01000000000001,0.0,0.0,-9.0679999999999996,0
No-one Stays Together,122.98699999999999,0.0,0.0,-6.2149999999999999,2006
Hell If I Could,123.248,0.0,0.0,-7.4610000000000003,1991
Oleo (LP Version),93.313999999999993,0.0,0.0,-14.099,0
Wishing Well,148.096,0.0,0.0,-10.069000000000001,0
You're Fired_ I Quit,138.642,0.0,0.0,-2.9670000000000001,2007
More Human Than Human,100.973,0.0,0.0,-8.3930000000000007,1995
Fireworks,102.003,0.0,0.0,-12.404999999999999,1987
1-2 a Number,98.251999999999995,0.0,0.0,-8.4969999999999999,0
Rescue Mission,142.34100000000001,0.0,0.0,-12.289,1974
Happy People (Album Version),99.670000000000002,0.0,0.0,-8.7360000000000007,0
Suffocation,153.23500000000001,0.0,0.0,-4.984,2003
Shadows Like Statues (Album Version),180.02699999999999,0.0,0.0,-4.1470000000000002,2003
Darling Nikki,117.81699999999999,0.0,0.0,-7.4640000000000004,1995
Still In Love,85.149000000000001,0.0,0.0,-11.542,1991
I Wouldn't Have You Any Other Way (1995 Digital Remaster),88.537000000000006,0.0,0.0,-18.120000000000001,1970
Salvame,93.004000000000005,0.0,0.0,-5.4550000000000001,0
Minions Dominion,111.67,0.0,0.0,-9.7240000000000002,0
Voodoo Dance,106.254,0.0,0.0,-9.4039999999999999,0
Don't Die Just Yet (The Holiday Girl),103.999,0.0,0.0,-11.113,0
Gutted,193.88900000000001,0.0,0.0,-6.3550000000000004,1991
Diving Horses,70.039000000000001,0.0,0.0,-7.8369999999999997,2002
Non Dimentico Più,134.994,0.0,0.0,-8.4570000000000007,0
Man Without Ties (Single Version),210.73500000000001,0.0,0.0,-11.481999999999999,0
Back In The Saddle Again,98.481999999999999,0.0,0.0,-15.07,1992
Stiller Besuch,119.953,0.0,0.0,-12.132999999999999,1999
Who Do You Love,129.96700000000001,0.0,0.0,-4.298,2008
Zaten,189.99700000000001,0.0,0.0,-6.7160000000000002,2007
Try And Stop Me,129.49600000000001,0.0,0.0,-6.593,0
Intermission (Little Seashell Ear),106.72,0.0,0.0,-22.001999999999999,2009
Big Wheel (live 2005),86.567999999999998,0.0,0.0,-12.087,0
Give Peace A Chance,85.019999999999996,0.0,0.0,-11.436,0
The Fugitive,110.108,0.0,0.0,-5.7290000000000001,1993
Oh Lord_ Why Lord/Prayer,86.769999999999996,0.0,0.0,-12.396000000000001,1989
Something's Wrong,85.798000000000002,0.0,0.0,-15.231,1998
You're still my baby,122.461,0.0,0.0,-16.140999999999998,1993
Commitment,106.34999999999999,0.0,0.0,-15.35,0
Far Cry,112.926,0.0,0.0,-15.239000000000001,1962
Bridge Through Time,81.507999999999996,0.0,0.0,-8.6790000000000003,0
Waste Another Day,190.73599999999999,0.0,0.0,-10.182,2003
Sleepers Awake from Cantata No. 140,55.685000000000002,0.0,0.0,-16.109999999999999,0
Miss You,147.93600000000001,0.0,0.0,-5.3140000000000001,2008
Me (Plural),94.757999999999996,0.0,0.0,-11.022,1999
Once Again (Deux Dubalized Remix),126.02800000000001,0.0,0.0,-8.8710000000000004,0
Super 80,150.172,0.0,0.0,-6.0720000000000001,2005
Let's Dance,180.102,0.0,0.0,-9.3300000000000001,2002
Flip Flop & Fly (Live),100.77800000000001,0.0,0.0,-20.384,0
Let Yourself Go,117.432,0.0,0.0,-11.414,1995
So Pretty,125.072,0.0,0.0,-7.2000000000000002,2005
Lata d'água,129.56999999999999,0.0,0.0,-8.0269999999999992,2004
Propuesta,143.91399999999999,0.0,0.0,-11.007,0
Spank (Original TK Full Length Mix),239.035,0.0,0.0,-8.2439999999999998,0
Weak Become Heroes,129.97900000000001,0.0,0.0,-8.2360000000000007,0
Haulin' The Bowline,57.795999999999999,0.0,0.0,-14.752000000000001,0
Abierta la ventana,199.94,0.0,0.0,-5.2039999999999997,0
New year's eve,116.43899999999999,0.0,0.0,-6.7599999999999998,2009
No Damn Fool,102.235,0.0,0.0,-6.4859999999999998,0
Ghetto Cartoon (LP Version),96.825999999999993,0.0,0.0,-11.069000000000001,1993
Straff,168.072,0.0,0.0,-3.0800000000000001,2008
Desert Caravan,121.739,0.0,0.0,-10.6,2000
77 Sunset Strip,116.955,0.0,0.0,-9.077,2000
Fünfte Symphonie: 1. Satz,53.268000000000001,0.0,0.0,-27.541,0
Nur ein Sklave,154.09800000000001,0.0,0.0,-7.5730000000000004,1994
La Tercera Carta,88.474000000000004,0.0,0.0,-8.4659999999999993,0
Answers To Nothing,117.997,0.0,0.0,-11.903,1988
L.A. Timez,126.08799999999999,0.0,0.0,-13.380000000000001,0
All Tomorrow's Parties,95.296000000000006,0.0,0.0,-9.8559999999999999,1991
Beachwood Drive,97.486999999999995,0.0,0.0,-6.8949999999999996,2003
Beyond The Beyond,138.23500000000001,0.0,0.0,-12.074999999999999,0
Extra Time_ Sudden Death,110.038,0.0,0.0,-7.9610000000000003,0
Yo No Vendo_ Yo No Compro,97.263000000000005,0.0,0.0,-15.321999999999999,0
Fever In My Blood,133.67500000000001,0.0,0.0,-15.342000000000001,2007
Forget And Not Slow Down,169.06,0.0,0.0,-4.0709999999999997,2009
Mother Mary (Album Version),90.049000000000007,0.0,0.0,-2.988,0
Case Dismissed,118.57899999999999,0.0,0.0,-27.856000000000002,0
Yarrington Town  (LP Version),162.62799999999999,0.0,0.0,-15.596,0
Been So Long,130.44800000000001,0.0,0.0,-12.618,2005
Mains to Go,100.01000000000001,0.0,0.0,-7.8700000000000001,2003
The Gun Song (Essence Of Mind Mix),120.01300000000001,0.0,0.0,-6.9340000000000002,2007
Canciones De Amor Y Odio,105.60599999999999,0.0,0.0,-3.7919999999999998,2007
Baron Waran II Pt. II,140.09299999999999,0.0,0.0,-7.2990000000000004,0
Holiday,117.544,0.0,0.0,-6.8860000000000001,0
So Sad,135.595,0.0,0.0,-11.275,0
Turnpike,122.624,0.0,0.0,-5.5439999999999996,2004
Isn't This a Lovely Day,80.236999999999995,0.0,0.0,-20.969000000000001,2008
Gnossienne No. 1 (Live),163.18100000000001,0.0,0.0,-16.626999999999999,0
Ya Se Va,152.37799999999999,0.0,0.0,-4.4569999999999999,2000
I Wouldn't Normally Do This Kind Of Thing (2001 Digital Remaster),130.76400000000001,0.0,0.0,-5.532,1993
I Believe In Music (LP Version),141.83600000000001,0.0,0.0,-12.211,1971
Ain't Gonna Be Treated This Way,116.14,0.0,0.0,-35.662999999999997,2003
I Ride My Bike,147.94900000000001,0.0,0.0,-10.436,1992
Gal Sunja,105.93000000000001,0.0,0.0,-5.0110000000000001,0
Gimme,124.994,0.0,0.0,-6.5369999999999999,0
Arroyo,199.99600000000001,0.0,0.0,-9.5389999999999997,2004
Parte De Mí,93.555999999999997,0.0,0.0,-6.7380000000000004,1996
The Truth,102.637,0.0,0.0,-18.856999999999999,2006
End Of The Street,102.057,0.0,0.0,-7.3570000000000002,2007
I Dedicate [Part III],158.03700000000001,0.0,0.0,-15.763999999999999,1994
Peace Of Mind (album version),133.61099999999999,0.0,0.0,-2.9689999999999999,2004
Booze At Dawn,101.77,0.0,0.0,-4.3799999999999999,2007
It's Getting OK Now,168.42699999999999,0.0,0.0,-5.1399999999999997,2005
How Long Till I Win Your Love?,114.193,0.0,0.0,-10.679,0
Big Brat,192.52600000000001,0.0,0.0,-3.2749999999999999,2004
Fates Triumph,169.154,0.0,0.0,-6.593,2000
Symphony No. 38 in D_ 'Prague' K504 (1991 Digital Remaster): II.      Andante,86.766000000000005,0.0,0.0,-22.538,0
Intro (98 Degrees/98 Degrees),86.766999999999996,0.0,0.0,-26.004999999999999,1998
Don't U Think It's Time (LP Version),137.71299999999999,0.0,0.0,-14.864000000000001,1987
Since I Met You Baby (Single/LP Version),108.553,0.0,0.0,-13.032,0
Viva La Lucha Libre,144.16300000000001,0.0,0.0,-6.6070000000000002,0
Next Time,96.472999999999999,0.0,0.0,-6.7089999999999996,2008
Listen (Just Listen),191.786,0.0,0.0,-12.090999999999999,1994
I Don't Mind,89.347999999999999,0.0,0.0,-4.7210000000000001,2009
Dia Del Zorro,99.978999999999999,0.0,0.0,-7.7569999999999997,2004
NIECIERPLIWY DOSTAJE MNIEJ,102.002,0.0,0.0,-5.2770000000000001,2006
Irene Goodnight,70.903999999999996,0.0,0.0,-12.801,0
J'aspire,87.879999999999995,0.0,0.0,-13.052,0
More than War,74.412999999999997,0.0,0.0,-11.51,0
Ring My Bell,127.626,0.0,0.0,-5.8700000000000001,1979
And Gather,90.096000000000004,0.0,0.0,-14.404,2009
Where We Come From,168.291,0.0,0.0,-9.5909999999999993,0
Best Friends,172.35400000000001,0.0,0.0,-6.0199999999999996,2003
New Jack,183.25700000000001,0.0,0.0,-5.7800000000000002,1992
Love For A Child (Album Version),141.881,0.0,0.0,-8.9410000000000007,0
Mysterium,110.84999999999999,0.0,0.0,-9.3179999999999996,1988
Lonesome and Losin',90.503,0.0,0.0,-8.3070000000000004,2003
The Rice,182.47800000000001,0.0,0.0,-8.1010000000000009,0
Nossa Senhora Aparecida,80.067999999999998,0.0,0.0,-9.8960000000000008,0
How Low Can A Punk Get (1991 Digital Remaster),188.77099999999999,0.0,0.0,-8.9179999999999993,1983
Helicopter,124.98,0.0,0.0,-10.634,0
Westcoast Cronic,94.069999999999993,0.0,0.0,-8.8919999999999995,0
Ce Martin La,145.71100000000001,0.0,0.0,-12.808999999999999,0
En Tini,158.566,0.0,0.0,-15.800000000000001,1979
Sour Tinkle,163.548,0.0,0.0,-17.966999999999999,0
Neues aus Hong Kong (live),224.67599999999999,0.0,0.0,-10.089,0
Condansoy,91.483999999999995,0.0,0.0,-16.181999999999999,0
American Leather,130.20599999999999,0.0,0.0,-7.3499999999999996,1979
I'll Be Home For Christmas,67.316000000000003,0.0,0.0,-26.326000000000001,0
Janglin,123.66800000000001,0.0,0.0,-7.5510000000000002,2009
(The Word Of)  Confirmation  (LP Version),105.39400000000001,0.0,0.0,-12.651,1981
Arreat (C-Rouge Remix),136.06899999999999,0.0,0.0,-7.181,0
Janet Says (LP Version),148.00700000000001,0.0,0.0,-35.725999999999999,1969
No No,125.613,0.0,0.0,-3.3900000000000001,0
Get On Bad (Explicit),125.261,0.0,0.0,-5.7750000000000004,2004
Water Bombs,128.98599999999999,0.0,0.0,-5.7169999999999996,0
Revelations,77.113,0.0,0.0,-7.6079999999999997,2009
Margarita,77.308000000000007,0.0,0.0,-14.27,1977
Money (That's What I Want) - Live,157.07300000000001,0.0,0.0,-8.7289999999999992,0
Don't Speak,136.71799999999999,0.0,0.0,-4.6740000000000004,0
Jesus Will Make A Way (Soul and R&B),93.122,0.0,0.0,-6.7969999999999997,0
Doramantrica,108.42400000000001,0.0,0.0,-15.753,1996
Kelly Oh,167.84399999999999,0.0,0.0,-3.1259999999999999,0
Ronnie And Neil,88.686000000000007,0.0,0.0,-6.1929999999999996,2001
One Fine Day - Album Version,93.018000000000001,0.0,0.0,-3.7400000000000002,2001
Elikya (Hope),183.69900000000001,0.0,0.0,-12.33,2000
My Tribute (The Best Of Russ Taff Version),74.308999999999997,0.0,0.0,-8.6859999999999999,0
Run To Me,128.196,0.0,0.0,-13.909000000000001,1997
The Wedding Samba,241.54599999999999,0.0,0.0,-7.5869999999999997,1999
Jeder Traum hat ein Ende (The End),64.322999999999993,0.0,0.0,-11.329000000000001,0
Amor Y Ruleta,89.605999999999995,0.0,0.0,-8.3079999999999998,1979
Sweet Sue (Album Version),166.982,0.0,0.0,-11.898,0
No Comply,127.852,0.0,0.0,-3.5310000000000001,2001
Balloon Gods,126.97199999999999,0.0,0.0,-7.3289999999999997,2009
Set You Free,124.46599999999999,0.0,0.0,-9.4260000000000002,0
Betcha By Golly_ Wow,120.67700000000001,0.0,0.0,-11.073,0
Rub a Dub,149.74199999999999,0.0,0.0,-5.2949999999999999,0
Intro: Receptionist's Fantasy,182.49100000000001,0.0,0.0,-17.308,1997
Bailamos,99.992999999999995,0.0,0.0,-10.225,0
Ragna Rock (2007 Digital Remaster),122.509,0.0,0.0,-10.766,0
Stomp,131.649,0.0,0.0,-13.773,0
The Blues Is Alright,135.88800000000001,0.0,0.0,-11.061,0
Por Eso Te Quiero (Pop),135.029,0.0,0.0,-7.2750000000000004,0
Choirs Of Devastation,87.397999999999996,0.0,0.0,-7.2140000000000004,1991
Isle Of View (Music For Helicopter Pilots) (Live) (2001 Digital Remaster),148.042,0.0,0.0,-16.114000000000001,0
We Own The Night (Bonus Track),143.995,0.0,0.0,-3.2909999999999999,2007
Maybe It'll Rub Off (LP Version),101.03400000000001,0.0,0.0,-10.291,1974
Pierdete,110.425,0.0,0.0,-7.242,0
The Wheel,86.638999999999996,0.0,0.0,-8.3140000000000001,1999
Imperfect (Underground Collective Vocal Mix),124.98,0.0,0.0,-6.2629999999999999,2007
So Long,110.81100000000001,0.0,0.0,-9.4299999999999997,0
Turkey Knob,154.13999999999999,0.0,0.0,-11.385999999999999,0
Another Hill,139.501,0.0,0.0,-8.5630000000000006,2000
The Old Main Drag (BBC Janice Long Show July 3rd 1985),116.977,0.0,0.0,-12.202,0
Every Now And Then,61.996000000000002,0.0,0.0,-7.0170000000000003,2003
Rosa Lee,89.359999999999999,0.0,0.0,-12.362,0
What A Friend We Have In Jesus,69.569000000000003,0.0,0.0,-9.3800000000000008,0
Rock Round The Clock (Rock and Roll),183.05500000000001,0.0,0.0,-6.0899999999999999,0
Get Ready To Bounce Recall 08,142.98699999999999,0.0,0.0,-3.649,2008
Reet petite and gone,161.54300000000001,0.0,0.0,-16.404,1991
Pasitos De Colores,133.80500000000001,0.0,0.0,-6.3929999999999998,2004
Slammin,140.018,0.0,0.0,-5.0129999999999999,2004
Till the Bitter End,80.283000000000001,0.0,0.0,-11.051,2008
Careless Love,111.98699999999999,0.0,0.0,-24.387,0
Gentleman,123.863,0.0,0.0,-2.3170000000000002,0
Stronger,103.913,0.0,0.0,-5.1669999999999998,0
Tiny Dancer,83.329999999999998,0.0,0.0,-7.4580000000000002,2008
Le Reste De Mon Âge,120.247,0.0,0.0,-9.859,1995
Symphony No. 35 in D_ 'Haffner' K385: Presto,136.934,0.0,0.0,-17.658999999999999,0
Guitar,98.602000000000004,0.0,0.0,-9.5139999999999993,1998
Here I Go Again,104.306,0.0,0.0,-8.7539999999999996,2006
Texas Tornado,64.805999999999997,0.0,0.0,-27.396000000000001,0
Northern,61.076999999999998,0.0,0.0,-20.661999999999999,2006
Medley: Who - My Heart Stood Still - Three Little Words - Dig Down Deep,95.760999999999996,0.0,0.0,-12.428000000000001,0
Traveller Pt 1,118.974,0.0,0.0,-7.8529999999999998,0
Pocket Size (Madame Lulu/Pocket Size Pal/Alborada Tigre Xuan),164.50899999999999,0.0,0.0,-6.6230000000000002,2005
Dem Still a Search,131.02600000000001,0.0,0.0,-8.0860000000000003,2008
Upon This Hill Tonight,152.245,0.0,0.0,-7.2930000000000001,0
A Doodlin' Song,119.506,0.0,0.0,-16.286999999999999,0
Å For En Morgen,86.034999999999997,0.0,0.0,-7.4050000000000002,0
What The World Needs  Now Is Love (LP Version),130.316,0.0,0.0,-16.323,0
Meat and Three,117.83199999999999,0.0,0.0,-4.5350000000000001,0
Back With The Bullets,134.048,0.0,0.0,-3.464,0
No Subject (Come With Me),152.953,0.0,0.0,-3.1080000000000001,0
James Blond 4 Gut Buy,125.015,0.0,0.0,-8.0690000000000008,0
Note To Self,136.023,0.0,0.0,-7.4660000000000002,0
Thunderdome,125.047,0.0,0.0,-4.3490000000000002,2005
Everything Happens To Me,60.008000000000003,0.0,0.0,-17.829000000000001,0
Jewel,164.48400000000001,0.0,0.0,-11.555999999999999,1992
Stay 2,162.916,0.0,0.0,-8.7620000000000005,0
The Wormwood Season,118.371,0.0,0.0,-10.484,2003
Feel The Bassline (feat. Pops Jabu),104.94799999999999,0.0,0.0,-8.2669999999999995,2008
1/2 Way Street,115.19499999999999,0.0,0.0,-5.3449999999999998,2007
O My Dear Papa,73.064999999999998,0.0,0.0,-9.8140000000000001,2008
A Day To Myself,76.994,0.0,0.0,-20.196999999999999,0
5h 17,109.628,0.0,0.0,-7.1100000000000003,0
Love To Love,126.559,0.0,0.0,-16.091000000000001,0
Imagining Kirk,109.69199999999999,0.0,0.0,-13.226000000000001,0
Mpu Ni Mpu,106.092,0.0,0.0,-8.5640000000000001,0
Luzes Da Ribalta (Limelight) (1990 Digital Remaster),107.85599999999999,0.0,0.0,-9.8000000000000007,0
Revolution (Album Version),133.75899999999999,0.0,0.0,-11.246,1998
Demolition Disco,131.80500000000001,0.0,0.0,-4.2220000000000004,1998
The Hills,148.56399999999999,0.0,0.0,-14.574999999999999,2004
Coast To Coast (Remix),124.76300000000001,0.0,0.0,-11.964,2001
Straight Up,101.944,0.0,0.0,-4.3719999999999999,0
Tears_ Tears_ Tears (LP Version),112.539,0.0,0.0,-12.702999999999999,1969
Anyone Who Had A Heart,168.03399999999999,0.0,0.0,-10.500999999999999,0
Violin Concerto Op 4. No. 12 In G Major - La Stravaganza: Spiritoso,111.53100000000001,0.0,0.0,-13.241,0
Air (Orchestral Suite No 3 In D Major Bwv 1068_ Mo,63.430999999999997,0.0,0.0,-27.850999999999999,0
December,154.03299999999999,0.0,0.0,-8.0389999999999997,2009
$2 Novels,150.446,0.0,0.0,-13.093,0
Love Is in the Air,143.82499999999999,0.0,0.0,-7.5789999999999997,0
I Believe In Free Everything,121.15300000000001,0.0,0.0,-10.952999999999999,1990
Tú,139.94999999999999,0.0,0.0,-10.65,1998
MUSIC OF THE NIGHT,91.988,0.0,0.0,-8.9770000000000003,2005
Sleight Of Time,146.78700000000001,0.0,0.0,-12.257999999999999,2003
Sirens,128.64400000000001,0.0,0.0,-10.720000000000001,1983
What Makes a Man a Man?,119.83499999999999,0.0,0.0,-14.282,0
Naurava turskan kallo,143.17500000000001,0.0,0.0,-5.2350000000000003,2007
Village Of The Pharoahs_ Part Two,160.36600000000001,0.0,0.0,-14.284000000000001,1973
Woensdagmorgen Krijg Je Rode Rozen,166.697,0.0,0.0,-12.339,2002
Le jour J,120.134,0.0,0.0,-7.157,2008
Tilegnelse,121.066,0.0,0.0,-14.92,0
No Good,108.536,0.0,0.0,-4.9379999999999997,0
Don't Ever Leave,128.27099999999999,0.0,0.0,-14.701000000000001,0
Punainen Kukko,99.947999999999993,0.0,0.0,-4.681,2003
In the Middle of a Think About You,124.172,0.0,0.0,-10.071,2007
Anybody,100.01600000000001,0.0,0.0,-4.0800000000000001,1998
Come Back,91.043000000000006,0.0,0.0,-9.7409999999999997,1997
3 AM (LP Version),157.42500000000001,0.0,0.0,-15.997,0
People Get Ready (Album Version),99.741,0.0,0.0,-10.962,0
I Only Drink Bud,187.50399999999999,0.0,0.0,-4.5670000000000002,1996
Buzzin' (Full Length),113.047,0.0,0.0,-6.4100000000000001,1998
Sis Draper,232.45500000000001,0.0,0.0,-12.013999999999999,0
Plate-Tec-Tonic,131.32900000000001,0.0,0.0,-12.981999999999999,0
Will you be there (7inch),126.176,0.0,0.0,-6.8979999999999997,0
Colour Day Tours,151.87700000000001,0.0,0.0,-4.8760000000000003,2008
Get Lucky,126.98999999999999,0.0,0.0,-5.6980000000000004,2006
4711,122.997,0.0,0.0,-12.365,0
At Madam Plum's,114.16200000000001,0.0,0.0,-13.545999999999999,2006
Fly Away,96.106999999999999,0.0,0.0,-7.1740000000000004,1998
Rise And Shine,239.42699999999999,0.0,0.0,-13.273,2007
Club Pimp A Lot,93.981999999999999,0.0,0.0,-11.454000000000001,0
Dundas_ Ontario,134.965,0.0,0.0,-8.0340000000000007,0
Think Big,133.33000000000001,0.0,0.0,-10.013999999999999,2007
Tu l'as fait pour elle,90.727000000000004,0.0,0.0,-4.1280000000000001,2010
Head Sty,69.037000000000006,0.0,0.0,-7.6870000000000003,0
Theme From Hot Stone,149.93899999999999,0.0,0.0,-9.9529999999999994,2010
Touch,188.37,0.0,0.0,-7.6509999999999998,2000
Disc-Omen (Dj Doktor Megatrip & Mista Luv Mix),136.815,0.0,0.0,-9.1189999999999998,1998
The Christmas Waltz,50.363999999999997,0.0,0.0,-15.164,1966
YOUR HEAD IS REELING,120.102,0.0,0.0,-9.8859999999999992,1968
Cuadros Dentro De Cuadros,127.042,0.0,0.0,-8.8490000000000002,2007
Blue Room,82.244,0.0,0.0,-20.997,1988
Next Stop Bjursele,69.488,0.0,0.0,-12.641999999999999,2008
Pearly Gates,122.39,0.0,0.0,-8.8849999999999998,2001
I Love To Move In Here (Crookers Crack Mix),131.99600000000001,0.0,0.0,-6.6369999999999996,2008
Louisiana Blues,107.389,0.0,0.0,-7.194,1997
Idleberg,154.548,0.0,0.0,-11.699999999999999,2004
Sacrifice,86.816999999999993,0.0,0.0,-13.996,0
Big Bad Moon,144.64699999999999,0.0,0.0,-7.665,1989
If You Were Mine,106.00700000000001,0.0,0.0,-15.4,1957
Move It Up (Mars Plastic Mix),132.922,0.0,0.0,-12.035,1994
Dim The Light,156.631,0.0,0.0,-7.3129999999999997,2005
World Container,77.522000000000006,0.0,0.0,-5.5739999999999998,2006
Solta-Se O Beijo,134.06100000000001,0.0,0.0,-4.6429999999999998,2007
Heaven on My Mind,139.904,0.0,0.0,-7.3929999999999998,0
When All Is Said & Done,160.13300000000001,0.0,0.0,-12.852,0
Sucio Y Desprolijo,149.02199999999999,0.0,0.0,-12.778,1989
Overtime (November 1_ 1944 - Victory Parade Of Spotlight Bands),107.899,0.0,0.0,-15.786,0
The Dignity Of Labour (Part 2) (2003 Digital Remaster),129.178,0.0,0.0,-8.6189999999999998,1979
The Return,135.99299999999999,0.0,0.0,-7.5949999999999998,0
Options (Explicit Album Version),90.003,0.0,0.0,-3.04,0
Time To Win,147.428,0.0,0.0,-11.863,0
Low Rock,115.04600000000001,0.0,0.0,-8.0670000000000002,2000
My Baby's Comin' Home (1990 Digital Remaster),142.749,0.0,0.0,-17.643999999999998,0
Barrio Chino,150.006,0.0,0.0,-13.862,0
Teenage Dreamer,158.476,0.0,0.0,-5.625,2004
Almas Transparentes,124.97199999999999,0.0,0.0,-3.7229999999999999,0
405,112.66500000000001,0.0,0.0,-7.6260000000000003,1992
You'll Never Know,97.998000000000005,0.0,0.0,-11.068,0
(I Don't Want To Go To) Chelsea,151.17400000000001,0.0,0.0,-10.247,1978
This & That,106.092,0.0,0.0,-15.218999999999999,2005
Monday,92.039000000000001,0.0,0.0,-14.946999999999999,0
Little Moses,144.066,0.0,0.0,-19.013000000000002,1960
Offenbach: Bluebeard (Barbe-bleue): Y'a des bergers dans le village,52.566000000000003,0.0,0.0,-22.315000000000001,0
Comin' Down,130.61199999999999,0.0,0.0,-11.635999999999999,0
Don't You Miss Me A Little Bit Baby,105.623,0.0,0.0,-9.3840000000000003,2006
Britney Spears 4 President,154.06,0.0,0.0,-8.2989999999999995,2004
Rock With You (Original Mix),127.91800000000001,0.0,0.0,-6.593,2006
Nice Guys Finish Last (Album Version),143.077,0.0,0.0,-4.3680000000000003,2009
No Hay Nada Más Triste Que Lo Tuyo,126.93000000000001,0.0,0.0,-5.4420000000000002,2002
Ocean,87.983000000000004,0.0,0.0,-7.0499999999999998,0
Start!,144.42400000000001,0.0,0.0,-12.792999999999999,1980
Emilio Cao (David Watts) - version maqueta,171.02199999999999,0.0,0.0,-11.199999999999999,0
Entrevista Com Dr. Marcos Sarvant,91.986999999999995,0.0,0.0,-11.071,0
There's a Lot of Little Boy,74.560000000000002,0.0,0.0,-11.814,0
Paste,139.702,0.0,0.0,-5.1040000000000001,1996
Just Go Home,161.09,0.0,0.0,-5.2110000000000003,2007
Whistling Gypsy Rover,128.74600000000001,0.0,0.0,-14.782,0
Behind That Body,103.072,0.0,0.0,-3.2189999999999999,0
You Smell Naughty,117.595,0.0,0.0,-7.3109999999999999,2008
Isn't It a Shame,135.298,0.0,0.0,-5.9829999999999997,2008
cyottoyasottojya Can't Get Love,146.21299999999999,0.0,0.0,-6.8680000000000003,0
Solto No Mundo,199.74799999999999,0.0,0.0,-17.795999999999999,0
Non dimenticar le mie parole,71.177000000000007,0.0,0.0,-14.553000000000001,0
Homenagem ao Abel,98.638999999999996,0.0,0.0,-13.959,0
Moderater byråkrater ekonomer & fantomer,87.738,0.0,0.0,-6.9850000000000003,1994
Kaikki mitä mä annoin,154.74600000000001,0.0,0.0,-6.0949999999999998,2005
Fiona,129.999,0.0,0.0,-7.7610000000000001,2002
Guess I Was A Fool,135.084,0.0,0.0,-6.0170000000000003,1998
Jena na vsichki vremena,100.697,0.0,0.0,-9.7650000000000006,0
Spongo Rock N Roll,168.316,0.0,0.0,-4.593,0
I'm Sorry I Made You Blue,131.62200000000001,0.0,0.0,-14.004,0
1900,85.825000000000003,0.0,0.0,-19.664999999999999,2003
End Of The Day,126.84699999999999,0.0,0.0,-11.175000000000001,2002
She Got The Moves,127.56399999999999,0.0,0.0,-9.4550000000000001,0
Don't Frighten Me,159.40799999999999,0.0,0.0,-12.222,0
Nemesis,184.64699999999999,0.0,0.0,-7.532,1995
Rhyme Zone,84.680000000000007,0.0,0.0,-10.917,2006
Dreamsville,41.887999999999998,0.0,0.0,-17.66,0
Pasos de equilibrista,132.06899999999999,0.0,0.0,-4.1760000000000002,2008
Song In D,86.957999999999998,0.0,0.0,-5.0869999999999997,2007
Junkyard Heart (Album Version),122.73,0.0,0.0,-6.835,2009
Hammerhead,0.0,0.0,0.0,-5.9820000000000002,1990
Games of Love,116.952,0.0,0.0,-6.1760000000000002,1989
Der Astronaut,103.666,0.0,0.0,-24.988,1978
In From The Storm,146.24299999999999,0.0,0.0,-7.1050000000000004,1971
How To Be Invisible,106.41200000000001,0.0,0.0,-15.58,2005
Sunday Night Shuffle,124.999,0.0,0.0,-6.5069999999999997,0
Serenade For Spiders,155.05799999999999,0.0,0.0,-8.1039999999999992,0
After Midnight,72.049000000000007,0.0,0.0,-3.827,2001
Six seconds on all sides,131.99000000000001,0.0,0.0,-6.2670000000000003,2005
Noneother,88.828999999999994,0.0,0.0,-6.2560000000000002,2005
1983,86.015000000000001,0.0,0.0,-5.8609999999999998,2006
O Fortuna,72.063999999999993,0.0,0.0,-12.263,0
Reflexiones en la Mesa,127.907,0.0,0.0,-18.413,0
Oh What A Lie,151.91300000000001,0.0,0.0,-12.302,1996
Questions - performed by Tavaris,98.016999999999996,0.0,0.0,-12.919,0
Girlfriend,97.983999999999995,0.0,0.0,-8.3680000000000003,0
Beijos E Velas,155.93100000000001,0.0,0.0,-9.1389999999999993,0
Walking Thru The Park (Album Version),221.48500000000001,0.0,0.0,-2.819,2008
Streichelzoo für Heuschrecken,78.876999999999995,0.0,0.0,-14.066000000000001,2007
Seja Como For,106.98699999999999,0.0,0.0,-4.4560000000000004,0
Together Alone,168.24799999999999,0.0,0.0,-17.198,0
Ce rap va m'perdre,94.811000000000007,0.0,0.0,-5.9829999999999997,2005
Ain't No Good News,141.245,0.0,0.0,-11.32,2003
3rd Degree Burn,88.956000000000003,0.0,0.0,-6.5570000000000004,0
Un Point C'Est Toi (Extended Remix),111.048,0.0,0.0,-6.9749999999999996,0
Llevame,96.016000000000005,0.0,0.0,-6.899,0
Amor Prohibido,92.066000000000003,0.0,0.0,-5.5789999999999997,0
Rolling Along,106.13500000000001,0.0,0.0,-12.237,0
Her Ways,99.503,0.0,0.0,-11.375,2008
Number One,87.914000000000001,0.0,0.0,-5.532,2005
Frozen  (LP Version),89.822000000000003,0.0,0.0,-5.5010000000000003,1995
I Am Civil Service,140.59800000000001,0.0,0.0,-5.2119999999999997,2009
Nightlife,135.03200000000001,0.0,0.0,-6.2409999999999997,0
Jesus Assé,124.95699999999999,0.0,0.0,-8.1140000000000008,0
Suita a Lunelu,221.845,0.0,0.0,-6.5960000000000001,2004
Visions,142.49299999999999,0.0,0.0,-8.2349999999999994,0
The Loser Babe Is You (2001 Digital Remaster),132.666,0.0,0.0,-15.641,0
Save me,120.036,0.0,0.0,-9.7430000000000003,0
Good One Comin' On,160.08699999999999,0.0,0.0,-5.1319999999999997,2006
Willow Weep For Me,84.915999999999997,0.0,0.0,-17.695,1966
Jezebel,87.045000000000002,0.0,0.0,-7.8739999999999997,2010
She Takes It So Well,99.042000000000002,0.0,0.0,-5.1260000000000003,2001
Madame monsieur,131.976,0.0,0.0,-5.79,2004
Please Pass The Epicac,118.679,0.0,0.0,-2.8690000000000002,0
The Happy Minotaur,100.431,0.0,0.0,-7.9249999999999998,2007
Love And Happiness,147.20699999999999,0.0,0.0,-6.8929999999999998,1991
Hydrophobia,120.67400000000001,0.0,0.0,-7.2160000000000002,1990
Elevator Music,122.434,0.0,0.0,-5.9429999999999996,0
Buccaneer Medley,94.506,0.0,0.0,-4.6799999999999997,0
Lovin' You's A Dirty Job,97.009,0.0,0.0,-5.4009999999999998,0
Let's Go,111.16200000000001,0.0,0.0,-7.6740000000000004,2006
His Love,74.352999999999994,0.0,0.0,-8.5229999999999997,2008
Boneca De Pixe,97.313000000000002,0.0,0.0,-16.518000000000001,1998
"Talk About Love (12"" Discomix)",143.084,0.0,0.0,-7.867,0
Simple Things,131.45400000000001,0.0,0.0,-12.222,1991
War Requiem (Reprise),0.0,0.0,0.0,-20.390999999999998,0
Exit Sign,170.685,0.0,0.0,-9.1400000000000006,0
I'm The One Who Taught You How,111.051,0.0,0.0,-34.939999999999998,1966
At War With Satan (Tv Adverts),100.976,0.0,0.0,-14.35,0
Oración,106.402,0.0,0.0,-4.6230000000000002,1990
Panzer,145.02000000000001,0.0,0.0,-4.4359999999999999,2003
Mixed Green,144.85599999999999,0.0,0.0,-7.5739999999999998,2007
Beautiful Stranger,122.375,0.0,0.0,-4.7300000000000004,1999
TV Dream,174.06100000000001,0.0,0.0,-8.8539999999999992,1987
Passworld,0.0,0.0,0.0,-7.4589999999999996,0
Trouble in Mind,113.783,0.0,0.0,-15.927,2005
St. Louis Waltz,108.235,0.0,0.0,-17.887,0
Il Sognatore,153.96600000000001,0.0,0.0,-10.132,0
Fightin In The Club,144.33000000000001,0.0,0.0,-6.9109999999999996,2004
No Pierdo La Fe,51.869999999999997,0.0,0.0,-4.8390000000000004,1987
Don'T Go Away,99.872,0.0,0.0,-13.956,0
Transmission,96.280000000000001,0.0,0.0,-3.0219999999999998,0
Hojas Secas,150.01499999999999,0.0,0.0,-6.0279999999999996,2009
Twenty-Four Preludes & Fugues_ Op.87 (2003 Digital Remaster): No.24 in D minor (Andante - Moderato),82.423000000000002,0.0,0.0,-20.582000000000001,0
Charlic,36.847000000000001,0.0,0.0,-24.478999999999999,0
Tanner,128.005,0.0,0.0,-9.2140000000000004,0
Classical Order,94.566000000000003,0.0,0.0,-16.265999999999998,0
Plasticni,227.16200000000001,0.0,0.0,-10.202,0
sleep over beethoven,141.364,0.0,0.0,-5.9909999999999997,2009
Reservoir Park,96.498999999999995,0.0,0.0,-4.5670000000000002,2008
Drugs Open Your Eyes,145.08799999999999,0.0,0.0,-6.1079999999999997,0
All We Need Is Love (Rivaz Dub),127.983,0.0,0.0,-9.0820000000000007,0
Plasma Propulsion,114.045,0.0,0.0,-14.375,2007
É doce morrer no mar,72.903000000000006,0.0,0.0,-14.428000000000001,0
King Of Spain_ Part Two,165.08799999999999,0.0,0.0,-10.111000000000001,0
Newport Blues-2,101.586,0.0,0.0,-18.449000000000002,0
Downhill Both Ways,156.029,0.0,0.0,-2.6850000000000001,2003
Beware,94.539000000000001,0.0,0.0,-14.789999999999999,0
Overtime,127.955,0.0,0.0,-3.6400000000000001,0
Typical Male,106.0,0.0,0.0,-17.934000000000001,0
Out of the Dark,140.001,0.0,0.0,-5.9219999999999997,2006
Disparame Pa No Quiero Toser,97.909999999999997,0.0,0.0,-13.766,0
Blood Red Earth,115.283,0.0,0.0,-8.4619999999999997,2006
Ayia Napa,121.97499999999999,0.0,0.0,-10.458,0
Back In The City,89.293000000000006,0.0,0.0,-12.907999999999999,1984
Thin Disguise,132.19499999999999,0.0,0.0,-9.9100000000000001,0
Joni Mitchell Tapes,177.959,0.0,0.0,-7.1740000000000004,1993
I Go To Work,83.853999999999999,0.0,0.0,-8.6300000000000008,1989
Roses Of Yesterday,44.619,0.0,0.0,-13.699999999999999,0
Der Heilige Schwanz (Remastered) - Abspann,77.734999999999999,0.0,0.0,-13.244999999999999,1982
Take My Hand,124.758,0.0,0.0,-6.7789999999999999,1989
S.O.P. Theme #3: Feelings And Facts,96.25,0.0,0.0,-22.731999999999999,0
My Way,130.00399999999999,0.0,0.0,-4.7889999999999997,2008
Jungle Fire (Album Version),157.25700000000001,0.0,0.0,-14.102,1970
City Boy,169.31100000000001,0.0,0.0,-8.9459999999999997,0
Louder,129.97999999999999,0.0,0.0,-7.944,0
Curtir,221.066,0.0,0.0,-7.9710000000000001,0
Over Femalized,140.31100000000001,0.0,0.0,-14.205,0
Crockett's Theme,70.084999999999994,0.0,0.0,-14.987,1987
Common Tear,200.01599999999999,0.0,0.0,-9.1140000000000008,2006
Arde Madrid (Directo Victoria Eugenia 08),159.90799999999999,0.0,0.0,-5.5110000000000001,0
The Big Small Syndrome,124.239,0.0,0.0,-13.91,0
Key To The Highway,102.503,0.0,0.0,-18.036999999999999,1968
What You Keep Inside,93.043999999999997,0.0,0.0,-8.3339999999999996,1999
Feed The Children (Book Of Lies),130.91,0.0,0.0,-4.7750000000000004,2004
Poor Georgie (Explicit LP Version),191.173,0.0,0.0,-11.079000000000001,0
Mack The Knife,88.031000000000006,0.0,0.0,-11.130000000000001,0
What Have I Done To Deserve This,118.818,0.0,0.0,-7.9269999999999996,0
Never On The Radio,164.952,0.0,0.0,-4.4100000000000001,2006
Life's Hard,150.38399999999999,0.0,0.0,-7.383,1998
Los Vino,135.97499999999999,0.0,0.0,-7.5540000000000003,0
Llegó El Masta (Explicit),187.96799999999999,0.0,0.0,-4.0519999999999996,0
Follow You,126.062,0.0,0.0,-11.461,0
Falling On Dunn's River,175.08199999999999,0.0,0.0,-11.701000000000001,1991
Disable Me,131.131,0.0,0.0,-3.7709999999999999,2002
Hand Clap Song,122.398,0.0,0.0,-8.6219999999999999,2004
Susannah Little,87.819999999999993,0.0,0.0,-12.862,2004
Choko King,133.749,0.0,0.0,-10.288,2009
Stay,122.92,0.0,0.0,-6.681,0
Parampampín,129.86799999999999,0.0,0.0,-9.8650000000000002,0
Life On Mars - (Tribute to David Bowie),121.375,0.0,0.0,-9.3379999999999992,0
Livin' for the Rider,157.929,0.0,0.0,-7.431,0
What Is Love (Acoustic Version) (Bonus),116.062,0.0,0.0,-6.7619999999999996,2008
London Life,122.187,0.0,0.0,-9.407,1965
How Yuh Proud,134.571,0.0,0.0,-4.8120000000000003,0
Wham!,196.18899999999999,0.0,0.0,-10.247999999999999,0
Shape Shifter,95.975999999999999,0.0,0.0,-6.6609999999999996,2005
Ecoute O Mon Amour.,88.186000000000007,0.0,0.0,-22.725000000000001,0
He Needs Me,71.275000000000006,0.0,0.0,-13.505000000000001,2005
Cold Is The Heart,105.006,0.0,0.0,-10.346,1992
Herjazz,158.441,0.0,0.0,-9.593,1993
It Don't Matter Now,160.15199999999999,0.0,0.0,-12.653,1999
Never Far From You,160.018,0.0,0.0,0.98799999999999999,2008
Hold Me Tonight (Technorocker Radio Remix),141.97800000000001,0.0,0.0,-3.0790000000000002,0
Hit the Road to Dreamland (from 'In Hi-Fi'),154.54300000000001,0.0,0.0,-15.708,0
Jitterbug Swing,127.06699999999999,0.0,0.0,-11.867000000000001,1995
Aksizi (It's Worth it),119.98099999999999,0.0,0.0,-6.9269999999999996,0
Rock Me,121.175,0.0,0.0,-11.151,0
Go Ahead_ Buddy,104.04300000000001,0.0,0.0,-14.581,0
Pequeña Luz,131.93100000000001,0.0,0.0,-5.3620000000000001,0
Stranger In My Home Town,105.13200000000001,0.0,0.0,-13.417999999999999,0
Goodbye Letter,137.738,0.0,0.0,-7.29,2003
Still Ray,83.817999999999998,0.0,0.0,-8.3710000000000004,2002
Girl of My Dreams,121.337,0.0,0.0,-20.582999999999998,1998
Kembali,163.91399999999999,0.0,0.0,-18.376000000000001,0
Exodus,115.027,0.0,0.0,-9.6170000000000009,0
Notfalls Werde Ich Für Immer Warten,160.01300000000001,0.0,0.0,-6.9900000000000002,2009
Adorable Doorsteps,160.44399999999999,0.0,0.0,-8.3490000000000002,2007
Young Roddy McCarley,113.729,0.0,0.0,-18.896999999999998,0
Just Memories,151.05500000000001,0.0,0.0,-11.631,1972
I'm So Sorry !,236.084,0.0,0.0,-5.2999999999999998,2000
I'm Good,114.756,0.0,0.0,-5.6399999999999997,0
Changing Opinion,78.442999999999998,0.0,0.0,-19.419,0
Bhool Na Jaaing,93.733000000000004,0.0,0.0,-5.4059999999999997,0
Requiem For A Dream,127.996,0.0,0.0,-8.2420000000000009,0
Blue Jay Yarn (from Tramps Abroad),38.936999999999998,0.0,0.0,-25.466999999999999,0
For What It's Worth,98.162000000000006,0.0,0.0,-6.8639999999999999,0
Superfly (Hi Fi Revival Album Version),118.045,0.0,0.0,-3.387,0
Entropy,131.69900000000001,0.0,0.0,-28.565999999999999,1970
Summertime,68.617999999999995,0.0,0.0,-13.449999999999999,1968
Call On Me,96.284999999999997,0.0,0.0,-9.4299999999999997,0
Hoy Soy Feliz,98.793000000000006,0.0,0.0,-5.0499999999999998,1971
Give Me A Chance,124.004,0.0,0.0,-10.446,2010
The Cliffs Of Dooneen,84.436000000000007,0.0,0.0,-12.347,0
Satan Rejected My Soul,136.93299999999999,0.0,0.0,-6.4429999999999996,1997
Song Pong,145.00700000000001,0.0,0.0,-8.3030000000000008,2003
Blue Grey Uniform (2000 Digital Remaster),126.083,0.0,0.0,-14.380000000000001,0
From Above,127.991,0.0,0.0,-6.3049999999999997,0
Sauced Up,150.03700000000001,0.0,0.0,-4.0579999999999998,0
The Stereophonic (Original Mix),121.00700000000001,0.0,0.0,-8.9019999999999992,0
The Only Exception (Album Version),137.58699999999999,0.0,0.0,-7.2969999999999997,0
Im A Playa Zone,92.278000000000006,0.0,0.0,-4.8650000000000002,0
Familj,194.93899999999999,0.0,0.0,-7.5190000000000001,2007
Saturn Strobe,126.97,0.0,0.0,-11.461,2007
Swans,79.528999999999996,0.0,0.0,-18.908000000000001,2002
A Degenerated Nation Reacting To Fear Pt. II,122.307,0.0,0.0,-11.4,0
Submission (Dave Goodman Demo Version),121.688,0.0,0.0,-8.0640000000000001,0
Buried Alive,141.983,0.0,0.0,-4.0890000000000004,2010
I Hear You Knocking,126.107,0.0,0.0,-14.138999999999999,1955
Man Alleen,178.82900000000001,0.0,0.0,-7.8449999999999998,1992
Drag You Out,125.60599999999999,0.0,0.0,-10.837999999999999,1999
Whiskey in the Jar,122.194,0.0,0.0,-13.593,0
The Omen,157.86799999999999,0.0,0.0,-5.0839999999999996,0
Atom Bomb (Atomix 6),130.012,0.0,0.0,-10.932,1996
Stalk Of Wheat,181.75700000000001,0.0,0.0,-4.8479999999999999,2004
London Bridge Is Falling Down,129.94399999999999,0.0,0.0,-5.1310000000000002,2007
Bonden Og Kråka (The Farmer And The Crow) / Jenta Med Garden (The Girl With The Farm),169.61199999999999,0.0,0.0,-15.055999999999999,0
Dreaming 24/7,135.00800000000001,0.0,0.0,-3.3860000000000001,2006
Mary's Little Lamb,89.962000000000003,0.0,0.0,-21.140999999999998,0
Lehrer,117.446,0.0,0.0,-16.280999999999999,2002
You Were Right About Everything,90.677000000000007,0.0,0.0,-9.1829999999999998,2005
Amor Pa' Mi,170.27099999999999,0.0,0.0,-6.1820000000000004,2009
Why Can't We Live Together (Performed With Timmy Thomas),106.001,0.0,0.0,-10.103999999999999,0
Don't Say Motherfucker_ Motherfucker (Live),167.88300000000001,0.0,0.0,-4.8200000000000003,0
Rockabye Boogie,143.80600000000001,0.0,0.0,-19.039999999999999,0
Esperandote,89.881,0.0,0.0,-6.2549999999999999,0
The Wait,117.136,0.0,0.0,2.9670000000000001,2008
Deceiver of Fools (Album Version),238.839,0.0,0.0,-7.327,2000
Sem Pressa,85.661000000000001,0.0,0.0,-8.3390000000000004,2008
Unpredictable Mathbreak Pop Shack,135.08699999999999,0.0,0.0,-0.67000000000000004,0
Variatio 26 A 2 Clav. [Goldberg Variations BWV 988] (J.S. Bach),141.75200000000001,0.0,0.0,-24.09,0
Iron Tears (Iron Tears Demo),140.709,0.0,0.0,-12.135,0
Sacrifice Unto Sebek,91.123999999999995,0.0,0.0,-8.234,0
The Brother Casio,106.01600000000001,0.0,0.0,-7.9909999999999997,2000
So Good (Trivial Mix),150.96799999999999,0.0,0.0,-9.2609999999999992,0
We Will Fade Out,120.04900000000001,0.0,0.0,-11.364000000000001,2007
Jsem zmateny,124.925,0.0,0.0,-10.215999999999999,0
Ichate Nenichate(Rhythm),171.94200000000001,0.0,0.0,-11.879,0
Te conozco (Album),79.683000000000007,0.0,0.0,-13.130000000000001,0
Party Party,104.91500000000001,0.0,0.0,-5.9649999999999999,1995
Ill Murder Epic,110.44,0.0,0.0,-27.600999999999999,0
Supermodel Sandwich W/Cheese,91.828999999999994,0.0,0.0,-11.657999999999999,1995
Solo Un Carino,95.260000000000005,0.0,0.0,-4.7119999999999997,0
Soul Survivor,118.807,0.0,0.0,-5.0270000000000001,1996
Que Pasa Contigo,127.965,0.0,0.0,-5.1909999999999998,2008
A Train To Nowhere,122.95099999999999,0.0,0.0,-14.708,2009
Don't Waste My Time (LP Version),81.882000000000005,0.0,0.0,-9.6050000000000004,1995
210 Jenny Family Pictures (Ancient Hebrew Psalm),65.829999999999998,0.0,0.0,-18.437999999999999,2005
Vera Cruz,114.934,0.0,0.0,-13.446,0
Everytime,124.999,0.0,0.0,-8.9800000000000004,0
Fashion Party,132.792,0.0,0.0,-16.120999999999999,2003
I'll Play The Blues For You (Parts 1 & 2),96.489000000000004,0.0,0.0,-14.512,1999
Punch In Punch Out,168.42599999999999,0.0,0.0,-6.7910000000000004,2004
"Temptation [7"" Version ] (Remastered)",125.584,0.0,0.0,-7.7830000000000004,1981
I'll Ask My Heart,76.760999999999996,0.0,0.0,-9.9169999999999998,2008
Amor que se Baila,109.99299999999999,0.0,0.0,-7.4720000000000004,2004
Fliegen (Karaoke-Mix),135.02799999999999,0.0,0.0,-6.9649999999999999,0
I Can't,111.55500000000001,0.0,0.0,-9.0050000000000008,2008
Sonata in F minor_ K. 481 (Scarlatti),87.924999999999997,0.0,0.0,-37.357999999999997,0
Fiesta,57.581000000000003,0.0,0.0,-11.885999999999999,1998
Nowhere Song 'Live' (Bonus Track),198.464,0.0,0.0,-10.359999999999999,2007
Song for Tura Satana,210.982,0.0,0.0,-13.763,1994
Coraggio/Mondo Selvaggio,125.062,0.0,0.0,-6.9889999999999999,0
Someday We'll All Be Free,88.831000000000003,0.0,0.0,-15.026,1989
Não É Proibido,126.01300000000001,0.0,0.0,-12.683,0
Darkside Of M-Town,156.09899999999999,0.0,0.0,-5.2009999999999996,0
Mirror Stone I,151.33199999999999,0.0,0.0,-22.192,1988
Heebie-Jeebies (part one),119.95999999999999,0.0,0.0,-13.706,0
Roses and Rue Part 1,122.67,0.0,0.0,-5.806,0
druma,140.00899999999999,0.0,0.0,-9.4380000000000006,2008
El Amor,133.995,0.0,0.0,-8.3569999999999993,1996
Musica Desideria,118.492,0.0,0.0,-6.5019999999999998,1992
Sky To Ground,140.167,0.0,0.0,-7.3339999999999996,0
Epidemic,99.992999999999995,0.0,0.0,-9.048,0
Mensch,173.99799999999999,0.0,0.0,-5.9820000000000002,2002
How Deep Is The Ocean,104.684,0.0,0.0,-23.408000000000001,0
They Came With Margarine and In-Laws,110.78100000000001,0.0,0.0,-10.401999999999999,0
Latersville,106.63200000000001,0.0,0.0,-13.577999999999999,1998
I Need You,105.681,0.0,0.0,-13.727,1984
Intro,138.239,0.0,0.0,-11.141999999999999,2004
Light Skin Girl From London,181.78200000000001,0.0,0.0,-5.3310000000000004,1991
Hi How Are You,158.34700000000001,0.0,0.0,-6.2089999999999996,2005
Magnu,78.284999999999997,0.0,0.0,-14.442,1975
Should Be Missing You Now,90.025999999999996,0.0,0.0,-9.6489999999999991,1995
Becoming [Live Version],135.19900000000001,0.0,0.0,-5.6440000000000001,1997
Se Espantan De Mi Amor,176.05600000000001,0.0,0.0,-9.2759999999999998,0
Nie Oklamuj Mnie,133.71700000000001,0.0,0.0,-6.9459999999999997,0
Uphakeme,99.989999999999995,0.0,0.0,-4.944,0
I Can Tell You the Time,114.81699999999999,0.0,0.0,-21.047999999999998,2001
Take It Off,150.44499999999999,0.0,0.0,-5.0369999999999999,0
At Night,124.117,0.0,0.0,-7.1200000000000001,2001
Nothing_ Then,120.625,0.0,0.0,-18.43,2008
Reggae,191.24000000000001,0.0,0.0,-14.19,0
What Is Love,124.21599999999999,0.0,0.0,-4.7779999999999996,1993
Someday,100.202,0.0,0.0,-10.598000000000001,1986
Dark Skies,133.58000000000001,0.0,0.0,-10.837999999999999,1990
The Killavel Fancy / The Dogs Among The Bushes,114.675,0.0,0.0,-36.125,0
She's Strange,98.817999999999998,0.0,0.0,-4.7050000000000001,1998
Echame a mi la culpa,79.646000000000001,0.0,0.0,-21.042999999999999,0
Everyone I Know Has Fangs,176.137,0.0,0.0,-4.8150000000000004,2009
Tiny Angels,75.701999999999998,0.0,0.0,-19.684000000000001,1976
You're The One,62.012,0.0,0.0,-9.1189999999999998,2007
What Is Going On,111.89400000000001,0.0,0.0,-11.497999999999999,1999
Everytime (Explicit Album Version),125.03400000000001,0.0,0.0,-7.7969999999999997,0
Rice Grain Rock,145.036,0.0,0.0,-10.907999999999999,0
Wonderful Glider,94.284000000000006,0.0,0.0,-22.113,1997
Summertime,189.96700000000001,0.0,0.0,-6.1790000000000003,1997
Dolphins,137.92099999999999,0.0,0.0,-8.0060000000000002,0
Square Methods,160.226,0.0,0.0,-8.4100000000000001,0
Spiderweb-Butterfly,88.203999999999994,0.0,0.0,-15.824999999999999,1994
Weeping [Live Version],159.999,0.0,0.0,-7.5499999999999998,0
Walk With the Devil,85.602000000000004,0.0,0.0,-8.7699999999999996,0
Clock Street,108.197,0.0,0.0,-7.2350000000000003,0
Sweet Little Loving (2006 Remastered LP Version),140.102,0.0,0.0,-9.2249999999999996,0
Don't Worry Marie,114.251,0.0,0.0,-5.3719999999999999,2009
Everyday,154.286,0.0,0.0,-7.5940000000000003,1982
Possessed,145.01499999999999,0.0,0.0,-6.9279999999999999,1998
Taxi Driver - Original,90.570999999999998,0.0,0.0,-11.786,0
So Alive,0.0,0.0,0.0,-8.4139999999999997,2005
In Da Club,159.52799999999999,0.0,0.0,-8.202,0
Free Will,161.23699999999999,0.0,0.0,-10.295999999999999,1972
La Belle Bardot: Les Gens Qui S'aiment,167.566,0.0,0.0,-12.849,0
Remember Madrid,119.982,0.0,0.0,-14.919,0
Supermodel,90.012,0.0,0.0,-7.3719999999999999,0
No Surprise + Scene 1 - Fly Paper,106.342,0.0,0.0,-6.4370000000000003,2007
Alla hjärtans dag,115.883,0.0,0.0,-6.1429999999999998,0
Nightingale,0.0,0.0,0.0,-19.643000000000001,1955
These Boots Are Made For Walkin' (1997 Digital Remaster),179.93199999999999,0.0,0.0,-13.798,0
Exoskeletal,185.02000000000001,0.0,0.0,-5.8019999999999996,2005
Four Brothers,94.650000000000006,0.0,0.0,-13.298,2005
You Know Me (LP Version),147.369,0.0,0.0,-10.352,2005
The Beast,100.154,0.0,0.0,-4.548,2005
Christmas Day,161.91399999999999,0.0,0.0,-12.244999999999999,2000
It Keeps Me Awake,115.453,0.0,0.0,-5.1840000000000002,0
My Shepherd,121.004,0.0,0.0,-8.8919999999999995,2010
Save It For Someone Who Cares,100.092,0.0,0.0,-11.349,2009
Clap,114.113,0.0,0.0,-18.193000000000001,0
Slip,97.224999999999994,0.0,0.0,-5.7610000000000001,0
If You're Going Out I'm Going Out Too,133.05799999999999,0.0,0.0,-9.7189999999999994,2008
Lightning's Girl,106.496,0.0,0.0,-14.087,0
Ektos edras,151.904,0.0,0.0,-7.6459999999999999,0
On The Verge,89.195999999999998,0.0,0.0,-6.6929999999999996,0
Panjabi Clap Feat. Takeova Ent.,96.009,0.0,0.0,-6.0330000000000004,2005
Pentru Romania / For Romania,140.02000000000001,0.0,0.0,-5.633,0
Elämä jatkuu - Life Goes On,70.957999999999998,0.0,0.0,-7.1980000000000004,1974
Every Other Time,103.949,0.0,0.0,-4.1740000000000004,0
Go Away,101.30800000000001,0.0,0.0,-6.9580000000000002,2004
One Way Flight,113.11,0.0,0.0,-17.088000000000001,1998
Somebody's Watching Me,124.399,0.0,0.0,-11.787000000000001,1983
Find The Cure,180.55799999999999,0.0,0.0,-12.82,0
